😂,feliz
❤️,feliz
😍,emocionado
♥️,feliz
😭,deprimido
😊,feliz
😒,decepcionado
💕,feliz
😘,feliz
😩,estresado
👌,satisfecho
😔,triste
😏,emocionado
😁,emocionado
😉,calmado
👍,satisfecho
😌,relajado
🙏,nervioso
🎶,feliz
😢,triste
😅,emocionado
😎,exaltado
👀,emocionado
😳,nervioso
🙌,emocionado
💔,triste
🙈,nervioso
✌️,relajado
💙,feliz
✨,feliz
💜,feliz
💯,satisfecho
😴,fatigado
💖,exaltado
😄,feliz
😑,aburrido
😕,decepcionado
😜,exaltado
😞,triste
😋,emocionado
😪,triste
😐,decepcionado
👏,exaltado
🔥,exaltado
💗,emocionado
💘,emocionado
💁,exaltado
💞,emocionado
👉,satisfecho
📷,satisfecho
💋,feliz
🙊,nervioso
😱,estresado
✋,alerta
😈,tenso
😡,tenso
🎉,emocionado
😃,feliz
💀,estresado
💛,emocionado
💪,satisfecho
😫,triste
😝,exaltado
😆,exaltado
👊,satisfecho
😀,feliz
🌚,satisfecho
😤,decepcionado
☀️,feliz
💓,feliz
💚,feliz
😓,deprimido
😻,exaltado
✔️,satisfecho
😣,estresado
👈,aburrido
😷,fatigado
😇,feliz
😛,emocionado
😚,satisfecho
😥,nervioso
👋,alerta
👑,satisfecho
😬,tenso
😖,fatigado
😠,decepcionado
🌟,alerta
🎵,relajado
😶,triste
👇,aburrido
🙋,relajado
👎,triste
💃,feliz
🔴,tenso
🔫,estresado
💫,alerta
👅,feliz
💥,fatigado
💭,alerta
✊,exaltado
✈️,emocionado
💩,decepcionado
😰,estresado
😹,feliz
🙅,decepcionado
🌞,feliz
💦,sereno
💎,emocionado
🙆,emocionado
⚡️,estresado
⭐️,feliz
💤,relajado
🍕,exaltado
👻,emocionado
🍀,emocionado
⚽️,emocionado
🎤,nervioso
😟,triste
😨,estresado
🚶,deprimido
🔞,alerta
🎀,sereno
😙,feliz
👽,nervioso
💅,relajado
☝️,emocionado
🌙,calmado
🙇,calmado
☁️,calmado
🍻,emocionado
😧,exaltado
💟,satisfecho
👯,feliz
👼,emocionado
☕️,alerta
💝,feliz
🎁,emocionado
🐶,emocionado
💰,alerta
☎️,alerta
🎂,emocionado
😮,exaltado
🏃,emocionado
😵,exaltado
😲,exaltado
✖️,alerta
😯,deprimido
🐱,feliz
👆,emocionado
👫,satisfecho
🏆,emocionado
🌝,feliz
💸,feliz
💍,feliz
😿,deprimido