'abandonar': '-0.8',
'abierto': '0.3',
'abismo': '-0.6',
'abogado': '0',
'abrazar': '1',
'abrazo': '1',
'abrir': '0.4',
'absolutamente': '0.2',
'absoluto': '0.1667',
'absorber': '0.2',
'absurdo': '-0.6',
'abuelo': '0.8',
'abundante': '0.8',
'aburrir': '-1',
'aca': '0.2',
'acabar': '0.2',
'academia': '0',
'acariciar': '0.8',
'acceder': '1',
'acceso': '0.1429',
'accidente': '-0.8',
'accion': '0.6',
'aceite': '0',
'acelerar': '0.4',
'aceptar': '0.6',
'acercar': '0.2',
'acomodar': '0.6',
'acompanar': '0.8',
'acontecimiento': '0.6',
'acordar': '0.8',
'acostar': '0.4',
'acostumbrar': '-0.2',
'actitud': '0.5',
'actividad': '0.6',
'activo': '0.4',
'acto': '0',
'actor': '0.4',
'actriz': '0.3333',
'actuacion': '0.4',
'actual': '0',
'actualidad': '0',
'actuar': '0.8',
'acudir': '0.4',
'acuerdo': '0.4',
'acumular': '0',
'acusado': '-1',
'acusar': '-0.6',
'adaptacion': '0.4',
'adaptar': '0.4',
'adecuar': '0.8',
'adelante': '0.4',
'adentro': '0.4',
'adicional': '0.2',
'administracion': '0',
'administrativo': '-0.2',
'admirar': '0.8',
'admitir': '0.8',
'adoptar': '0.8',
'adorar': '0.4',
'adornar': '0.8',
'adquirir': '0.2',
'adulto': '0.2',
'advertir': '0',
'aereo': '0.4',
'aerolinea': '0.6',
'aeronave': '0.2',
'aeropuerto': '0.2',
'afectar': '-0.4',
'aferrar': '0.4',
'afirmar': '0.6',
'afuera': '0.2',
'agarrar': '0.2',
'agente': '-0.2',
'agitar': '0.2',
'agonia': '-0.8',
'agotar': '-0.4',
'agradable': '1',
'agradecer': '0.8',
'agregar': '0',
'agresion': '-1.0',
'agricultura': '0.4',
'agrupacion': '0.4',
'agrupar': '0',
'agua': '0.6',
'aguantar': '-0.8',
'aguar': '-0.4',
'aguardar': '-0.6',
'agudo': '-0.2',
'agujero': '-0.6',
'ahi': '-0.2',
'ahogar': '-1',
'ahora': '0.3,
'aire': '0.6',
'aislar': '0',
'ajeno': '0',
'ala': '0.6',
'alba': '0.6',
'albergar': '0.6',
'album': '0.2',
'alcance': '0',
'alcanzar': '1',
'alcohol': '0.2',
'aldea': '0.4',
'alegrar': '0.6',
'alegre': '1',
'alegria': '1',
'alejar': '0',
'algo': '0.2',
'aliado': '0.8',
'alianza': '0.6',
'aliento': '0',
'alimentar': '0.8',
'alimento': '0.8',
'alla': '0',
'alma': '0.5',
'almohada': '0.8',
'alrededor': '0.2',
'altar': '0.2',
'alternativa': '0.6',
'altitud': '0',
'alto': '0.2',
'altura': '0.2',
'alumno': '0.6',
'alzar': '0.6667',
'ama': '-0.2',
'amable': '1',
'amado': '1',
'amanecer': '1',
'amante': '0.6',
'amar': '1',
'amargo': '-1',
'amarillo': '0.4',
'ambiente': '0.7143',
'ambito': '0',
'amenaza': '-0.8',
'amenazar': '-0.8',
'america': '0.4',
'americano': '0.2',
'amigo': '1',
'amistad': '1',
'amo': '0.2',
'amor': '1',
'amoroso': '1',
'ampliar': '0.8',
'amplio': '0.8',
'anadir': '0',
'analisis': '0',
'analizar': '0',
'ancho': '0',
'anciano': '0.4',
'and': '0',
'andar': '0.8',
'angel': '1',
'angulo': '-0.2',
'angustia': '-0.8',
'anhelar': '0.2',
'anhelo': '1',
'anillo': '0.2',
'animal': '0.8',
'animar': '0.7143',
'animo': '0.4',
'ano': '0',
'anoche': '0.6',
'anorar': '-0.4',
'anotar': '0',
'ansia': '0',
'ansiedad': '-1',
'ansioso': '0',
'anterior': '0.2',
'antiguedad': '0',
'antiguo': '0.6',
'anual': '-0.2',
'anunciar': '0.6',
'anuncien': '0',
'apagar': '-0.1429',
'aparato': '0.2',
'aparecer': '0',
'aparentemente': '0.2',
'aparicion': '0',
'apariencia': '0.4',
'apartar': '0',
'apellido': '0',
'apenas': '0',
'apertura': '0.2',
'aplicacion': '0',
'aplicar': '0.2',
'apoderar': '-0.2',
'aportar': '0.4',
'apoyar': '0.4',
'apoyo': '1',
'apreciar': '0.8',
'aprender': '1',
'apretar': '-0.2',
'aprobar': '1',
'aprovechar': '0.4',
'aproximadamente': '0',
'aproximar': '0.2',
'apuntar': '0',
'apurar': '-0.6',
'aqui': '0.4',
'aragon': '0',
'arbol': '0.6',
'archivo': '0.2',
'arco': '0.4',
'arder': '-0.4',
'ardiente': '0.2',
'area': '0.2',
'arena': '0.8',
'argumentar': '0.4',
'argumento': '0',
'arma': '-1',
'armar': '0.5714',
'armonia': '1',
'aroma': '0.8',
'arqueologico': '0',
'arquitecto': '0.2',
'arquitectonico': '0.6',
'arquitectura': '0.4',
'arrancar': '0',
'arrastrar': '-0.8',
'arreglar': '0.8',
'arrojar': '0.2',
'arroyo': '1',
'arte': '1',
'articulo': '0',
'artificial': '-0.6',
'artista': '0.8',
'artistico': '0.6',
'asamblea': '0.2',
'ascender': '0.8',
'ascenso': '0.6',
'asegurar': '0.4545',
'asentamiento': '-0.4',
'asesinar': '-0.4',
'asesinato': '-1.0',
'asesino': '-0.8',
'asi': '0.2',
'asiento': '0',
'asignado': '0',
'asignandome': '0',
'asignar': '0',
'asistencia': '0.6',
'asistir': '0.4',
'asociacion': '-0.2',
'asociar': '0.2',
'asomar': '0.4',
'aspecto': '0.6',
'asumir': '0.2',
'asunto': '0.4',
'asustar': '-0.8',
'atacar': '-0.6',
'ataque': '-1',
'atar': '-0.2',
'atardecer': '1',
'atencion': '0.4',
'atender': '0.4',
'atlantico': '0.8',
'atletico': '1',
'atmosfera': '0.4',
'atraccion': '1',
'atraer': '0.8',
'atrapar': '-0.4',
'atras': '-0.2',
'atravesar': '0.2',
'atrever': '0.4',
'atribuir': '-0.2',
'audiencia': '0.4',
'aumentar': '0.4',
'aumento': '0.2',
'aun': '0',
'ausencia': '-0.8',
'auto': '0',
'autobus': '-0.4',
'automovil': '0',
'autonomo': '0.2',
'autor': '0.2',
'autoridad': '0.2',
'avance': '1',
'avanzar': '0.6',
'ave': '0.8',
'avenida': '0',
'avenir': '0.6',
'aventura': '0.8',
'aviacion': '0.8',
'avion': '0.6',
'ayuda': '0.6',
'ayudar': '0.6',
'ayudarte': '0.5',
'ayuntamiento': '-0.1667',
'azucar': '1',
'azul': '0.8',
'bahia': '1',
'bailar': '0.2',
'baile': '1',
'bajar': '0',
'bajo': '0',
'bala': '-0.4',
'baloncesto': '1',
'banar': '0.6',
'banco': '0.4',
'banda': '0.6',
'bandera': '0.4',
'bano': '0.6',
'bar': '0.4',
'barco': '0.8',
'barra': '-0.2',
'barrera': '-0.2',
'barrio': '0.4',
'barro': '-0.2',
'basar': '0.2',
'base': '0',
'basico': '0',
'bastar': '-0.2',
'basura': '-0.8',
'batalla': '-0.6',
'bateria': '0',
'bebe': '0.6',
'beber': '1',
'becarios': '0.3',
'belleza': '1',
'bello': '0.8',
'beneficio': '0.8',
'besar': '0.6',
'beso': '1',
'bestia': '-0.2',
'biblioteca': '0.8',
'bien': '1.0',
'billete': '0.6',
'biografia': '0.3333',
'biografiar': '0.4',
'bit': '0.4',
'blanco': '0.2',
'boca': '0.4',
'boda': '0.6',
'bola': '0.2',
'bolsa': '0',
'bolsillo': '0.2',
'bomba': '-0.4',
'bonito': '1',
'borde': '0',
'borrar': '0',
'bosque': '1',
'botanico': '0.8',
'botella': '0',
'brazo': '0.2',
'breve': '0.2',
'brigada': '-0.2',
'brillante': '0.4',
'brillar': '1',
'brillo': '0.8',
'brindar': '1',
'brisa': '1',
'bronce': '0.2',
'brotar': '0.2',
'bueno': '1',
'buque': '0',
'bus': '0',
'busca': '0.2',
'buscar': '0.2',
'busqueda': '0.2',
'caballeria': '0.8',
'caballero': '0.6',
'caballo': '1',
'cabecera': '0',
'cabello': '0.6',
'caber': '0.2',
'cabeza': '0',
'cabify': '0',
'cabo': '-0.2',
'cadaver': '-0.6',
'cadena': '-0.8',
'caer': '-0.5',
'cafe': '1',
'caida': '-0.4',
'caja': '0',
'cajon': '0',
'calcular': '0.4',
'calidad': '0.6',
'calido': '1',
'caliente': '0.4',
'callar': '0',
'calle': '0',
'calma': '1',
'calmar': '1',
'calor': '0.4',
'cama': '0.6',
'camara': '0.6',
'cambiar': '0.3333',
'cambio': '0.6',
'caminar': '0.8',
'camino': '0.6',
'camion': '0.4',
'camisa': '0.2',
'campamento': '0.8',
'campana': '0.2',
'campeon': '0.6',
'campeonato': '0.6',
'campo': '1',
'canal': '0.4',
'cancelaron': '0.25',
'cancer': '-0.8',
'cancion': '1',
'candidato': '0',
'candidatura': '0.2',
'canon': '-0.4',
'cansancio': '-0.6',
'cansar': '-0.6667',
'cantante': '0.4',
'cantar': '0.8',
'cantidad': '0',
'canto': '1',
'canton': '0.2',
'caos': '-0.4',
'capa': '0.2',
'capacidad': '0.4',
'capaz': '1',
'capilla': '-0.2',
'capita': '0',
'capital': '-0.2',
'capitan': '0.4',
'capitulo': '0.2',
'capturar': '0.2',
'capu': '0',
'cara': '0.4',
'caracter': '0.4',
'caracteristica': '0.2',
'caracteristico': '0',
'caracterizar': '0',
'carcajada': '1',
'carcel': '-0.6',
'carecer': '-0.8',
'carga': '-0.2',
'cargar': '-0.4',
'cargo': '0.2',
'cargos': '-0.4',
'caricia': '1',
'carino': '0.8',
'carne': '-0.2',
'caro': '-1',
'carrera': '0.2',
'carretera': '0.4',
'carretero': '0',
'carro': '0.2',
'carta': '0',
'casa': '0.8',
'casar': '0.5',
'caso': '-0.5',
'castellano': '0.2',
'castigar': '-1',
'castigo': '-1',
'castilla': '-0.7',
'castillo': '0.8',
'catedral': '0.8',
'categoria': '0',
'catolico': '-0.8',
'causa': '-0.2',
'causar': '0',
'caza': '-0.4',
'cazar': '-0.8',
'ceder': '0',
'celebracion': '1',
'celebrar': '1',
'celo': '-0.4',
'celula': '0',
'celular': '0',
'cementerio': '-0.8',
'cena': '0.8',
'ceniza': '-0.2',
'censo': '0',
'centimetro': '0',
'central': '-0.2',
'centrar': '0.4',
'centro': '0.4',
'cercania': '0.8',
'cercano': '0.4',
'cerdo': '0.2',
'cerebro': '0.2',
'ceremonia': '0.4',
'cero': '-0.4',
'cerrando': '0.2',
'cerrar': '-0.3333',
'cerro': '0.0',
'certeza': '0.6',
'cerveza': '0.4',
'cesar': '0',
'charlar': '0.6',
'chico': '0.4',
'chocar': '-0.6',
'chocolate': '1',
'chofer': '-0.3',
'ciclo': '0',
'ciego': '-0.4',
'cielo': '0.8',
'ciencia': '0.6',
'cientifico': '0.8',
'ciento': '0',
'cierra': '0',
'cierto': '0.4',
'cigarrillo': '0',
'cigarro': '-1',
'cine': '0.8',
'cinematografico': '0.8',
'cinta': '0',
'cintura': '0.2',
'circuito': '0.2',
'circular': '0.2',
'circulo': '0.4',
'circunstancia': '-0.2',
'cita': '0.4',
'citar': '0',
'ciudad': '0.4',
'ciudadano': '0.6',
'civil': '0',
'civilizacion': '0.6',
'claramente': '0.4',
'claridad': '0.8',
'claro': '1',
'clase': '0.4',
'clasico': '0.625',
'clasificacion': '0',
'clasificar': '0.2',
'clavar': '0',
'clave': '0',
'cliente': '0.2',
'clima': '0.4',
'club': '0.6667',
'coalicion': '-0.6',
'cobrar': '-0.4',
'cobrarme': '-0.7',
'cobro': '-0.7',
'coche': '0.4',
'cocina': '0.625',
'codigo': '0',
'coger': '0.4',
'coincidir': '0.8',
'cola': '0.4',
'colaboracion': '1',
'colaborar': '0.8',
'coleccion': '0.2',
'colectivo': '0.4',
'colegio': '1',
'coleoptero': '-0.4',
'colgar': '0',
'colocar': '0',
'colonia': '0',
'colonial': '0.4',
'color': '0.4',
'columna': '0.2',
'comandante': '0',
'comarca': '0.6',
'combate': '-0.6',
'combatir': '-0.4',
'combinacion': '0',
'combinar': '0.2',
'comedia': '1',
'comentar': '0.4',
'comentario': '0.4',
'comenzar': '0.6',
'comer': '0.4',
'comercial': '0.2',
'comercio': '0',
'cometer': '-0.2',
'comic': '0.6',
'comida': '1',
'comienzo': '0.4',
'comision': '-0.2',
'comite': '-0.2',
'companero': '0.6',
'compania': '1',
'comparacion': '-0.2',
'comparar': '-0.2',
'compartir': '0.8',
'competencia': '-0.4',
'competicion': '0.4',
'competir': '0.6',
'complejo': '0.2',
'completamente': '0.6',
'completar': '0.4286',
'completo': '0.4',
'complicar': '-1',
'componente': '0',
'componer': '0.6',
'comportamiento': '0.2',
'composicion': '0.4',
'compositor': '0.8333',
'compra': '0.4',
'comprar': '0.0',
'comprender': '0.6667',
'comprobar': '0.6',
'compromiso': '0.8',
'compuesto': '0',
'computador': '0.6',
'comun': '0',
'comuna': '0.2',
'comunicacion': '0.8',
'comunicar': '0.6',
'comunidad': '0.6',
'comunista': '0',
'conceder': '0.2',
'concentracion': '0.6',
'concentrar': '1',
'concepto': '0.375',
'conciencia': '0.375',
'concierto': '0.8333',
'concilio': '0.6',
'concluir': '-0.2',
'conclusion': '0.2',
'concurso': '0.4',
'condado': '0',
'condenar': '-0.6667',
'condicion': '0',
'conducir': '0.8',
'conducta': '0',
'conductor': '-0.7',
'conectar': '0.6',
'conexion': '0.8',
'conferencia': '0.3333',
'confesar': '-0.1667',
'confianza': '1',
'confiar': '1',
'confirmar': '0',
'conflicto': '-1.0',
'conformar': '0.2',
'confundir': '-0.5',
'confusion': '0',
'congelar': '-0.6',
'congreso': '0',
'conjunto': '0.4',
'conocer': '0.8',
'conocido': '0',
'conocimiento': '1',
'conquista': '0.6',
'conquistar': '0',
'consciente': '0.4',
'consecuencia': '-0.2',
'conseguir': '0.3333',
'consejo': '0.8',
'consejos': '0.8',
'conservacion': '0',
'conservar': '0',
'considerar': '0.3333',
'consistir': '0.3333',
'consolar': '0.6',
'consolidar': '0.4',
'constante': '0.2',
'constantemente': '0',
'constar': '0',
'constitucion': '0.4',
'constitucional': '0.6',
'constituir': '0.4',
'construccion': '0.4',
'construir': '0.8',
'consuelo': '0.3333',
'consumir': '-0.2',
'consumo': '-0.4',
'contacto': '0.6667',
'contar': '0.4',
'contemplar': '0.6364',
'contener': '0.2',
'contenido': '0.4',
'contento': '1',
'contestar': '0.6',
'contexto': '0',
'continente': '0',
'continuacion': '0.2',
'continuar': '0.6',
'continuo': '-0.2',
'contraer': '-0.2',
'contrario': '0',
'contratar': '0.4',
'contrato': '0',
'contribuir': '1',
'control': '-0.2',
'controlar': '-0.25',
'convencer': '0',
'convento': '-0.6',
'conversacion': '1',
'conversar': '0.6',
'convertir': '-0.2',
'convocar': '0.4',
'coordenada': '0',
'coordenado': '0',
'copa': '0.6',
'copar': '0.2',
'copia': '-0.2',
'corazon': '0.6',
'coronel': '0.2',
'correcto': '0.8',
'correo': '0',
'correr': '0.8',
'corresponder': '0.2',
'correspondiente': '0',
'corriente': '0.2',
'cortar': '0',
'corte': '-0.3333',
'cortina': '0.2',
'corto': '-0.2',
'cosa': '0',
'costa': '0.8',
'costar': '0',
'coste': '0.2',
'costo': '0',
'costumbre': '0.2',
'cotidiano': '0.4',
'creacion': '0.8',
'creador': '0.6',
'crear': '0.0',
'crecer': '0.8',
'crecimiento': '1',
'credito': '0',
'creencia': '0.4',
'creer': '0.6',
'criatura': '0.6',
'crimen': '-1',
'crisis': '0',
'cristal': '0.4',
'cristiano': '-0.2',
'cristo': '0.3333',
'critica': '0.4',
'criticar': '-0.8',
'critico': '0.1429',
'cruel': '-1',
'cruz': '-0.4',
'cruzar': '0.2',
'cuadrar': '-0.2',
'cuadro': '0.2',
'cuanto': '0.1111',
'cuarto': '0',
'cubrir': '0.4',
'cuchillo': '-0.2',
'cuello': '0.6',
'cuenta': '0.0',
'cuento': '1',
'cuerda': '0',
'cuerpo': '0',
'cuestion': '-0.2',
'cueva': '0',
'cuidado': '0.6',
'cuidar': '0.8',
'culpa': '-1',
'culpable': '-0.6',
'cultivar': '1',
'cultivo': '0.5',
'culto': '-0.6',
'cultura': '0.8',
'cultural': '0.8',
'cumbre': '0.6',
'cumpleanos': '1',
'cumplir': '0.8',
'cura': '0.2',
'curar': '0.8',
'curiosidad': '0.6',
'curioso': '0.8',
'curso': '0.1111',
'dama': '0.8',
'danar': '-1',
'dano': '-1.0',
'danza': '0.6',
'danzar': '0.8',
'dar': '0.8',
'datar': '0',
'dato': '0.6',
'datos': '0.0',
'debajo': '-0.2',
'debe': '-0.2',
'deber': '-0.4',
'debil': '-0.6',
'debut': '0.6',
'debutar': '0.8',
'decada': '0.2',
'decidir': '0.2',
'decir': '0.2',
'decision': '0.4',
'declaracion': '0',
'declarar': '0.2',
'decreto': '0',
'dedicar': '0.4',
'dedo': '0.2',
'defecto': '-0.4',
'defender': '0.5',
'defensa': '0.6',
'definicion': '0.4',
'definir': '0.6',
'definitivamente': '0',
'definitivo': '0',
'deja': '0',
'dejar': '0.0',
'deje': '0.2',
'dejo': '0',
'delante': '0.2',
'delgado': '0.4',
'delicado': '0.6667',
'delito': '-0.4',
'delitos': '-1.0',
'demanda': '-0.4',
'demasiado': '-0.4',
'democracia': '1',
'democratico': '0.6',
'demografia': '0',
'demonio': '-0.6',
'demostrar': '0.4',
'denominacion': '0',
'denominar': '0',
'densidad': '0',
'departamento': '0.2',
'depender': '-0.4',
'deporte': '0.8',
'deportivo': '0.6',
'depresion': '-0.8',
'derecha': '-0.25',
'derecho': '0.2',
'derechos': '1.0',
'derivar': '0.4',
'derramar': '-0.2',
'derrota': '-0.8',
'derrotar': '-0.4',
'desaparecer': '0',
'desarrollar': '0.2',
'desarrollo': '0.6',
'descansar': '1',
'descanso': '1',
'descarga': '0.0',
'descender': '0.4',
'desconocer': '-0.6',
'describir': '0.2',
'descripcion': '0',
'descubrimiento': '1',
'descubrir': '1',
'desear': '0.6',
'desempenar': '0.6',
'deseo': '0.4',
'desesperacion': '-1',
'desesperar': '-0.6',
'desgracia': '-0.8',
'deshacer': '-0.2',
'desierto': '0.3333',
'designar': '0',
'deslizar': '0.2',
'desnudar': '0.6',
'desnudo': '0.3333',
'despedir': '0.2',
'despertar': '0.8',
'despierto': '0.2',
'desplazar': '0',
'desprender': '-0.2',
'despues': '0.2',
'destacar': '0.6',
'destinar': '0.2',
'destino': '0.0',
'destrozar': '-0.2',
'destruccion': '-0.6',
'destruir': '-0.8',
'desvanecer': '-0.4',
'detalle': '0.6',
'detener': '0',
'determinar': '0.2',
'detras': '0',
'deuda': '-0.8',
'devolver': '0.4',
'dia': '0.6',
'diablo': '-0.6',
'dialogo': '1',
'diametro': '0',
'diario': '0',
'dias': '0.0',
'dibujar': '1',
'dibujo': '0.8',
'dice': '0.0,
'dicha': '0.8333',
'dictadura': '-0.8',
'diente': '0',
'diferencia': '0',
'diferenciar': '0',
'diferente': '0.6',
'dificil': '0',
'dificultad': '-0.4',
'digital': '0.2',
'digno': '1',
'dijeron': '0.0',
'dimension': '0.4',
'dinastia': '-0.2',
'dinero': '0.8',
'diocesis': '-0.2',
'dios': '0',
'diputado': '-0.6',
'direccion': '0.1667',
'directamente': '0.4',
'directo': '0.6',
'director': '0',
'dirigir': '0',
'disco': '0.4',
'discografico': '0',
'discurso': '0.2',
'discusion': '-0.6',
'discutir': '-0.8',
'disenar': '0.4',
'diseno': '0.6',
'disfrutar': '1',
'disimular': '-0.2',
'disminuir': '-0.6',
'disparar': '-0.4',
'disparo': '-0.4',
'disponer': '0.4',
'disponible': '0.6',
'disposicion': '0.6',
'disputar': '-0.2222',
'distancia': '-0.2',
'distante': '-0.6',
'distinguir': '0',
'distinto': '0.2',
'distribucion': '0.2',
'distribuir': '0',
'distrito': '0',
'diverso': '0.4',
'divertir': '0.8',
'dividir': '-0.1667',
'divino': '0.6',
'division': '0',
'doblar': '0.2',
'doble': '0.2',
'doctor': '0.2',
'documento': '0',
'dolar': '0',
'doler': '-0.8',
'dolor': '-1',
'doloroso': '-1',
'dominar': '0.2',
'dominio': '0.2',
'don': '0.8',
'dorar': '0.4',
'dormir': '1',
'dragon': '0.2',
'droga': '-0.8',
'ducado': '-0.2',
'duda': '0.3',
'dudar': '-0.4',
'dueno': '0.2',
'dulce': '1',
'dulzura': '1',
'duque': '0',
'duracion': '0',
'durar': '0.2',
'duro': '-0.2',
'dvd': '0.2',
'echar': '-0.8',
'eco': '0.2',
'economia': '0',
'economico': '0.2',
'edad': '0',
'edicion': '0',
'edificio': '0',
'editar': '0.2',
'editorial': '0.2',
'educacion': '0.5',
'educativo': '0.2',
'efecto': '0.4',
'efectuar': '0.2',
'eje': '0.6',
'ejecucion': '0.4',
'ejecutar': '-0.4',
'ejecutivo': '0.2',
'ejemplar': '0.8',
'ejemplo': '0.2',
'ejercer': '-0.2',
'ejercicio': '0.4',
'ejercito': '-0.4',
'elaborar': '0.6',
'eleccion': '0.2',
'electoral': '-0.2',
'electrico': '0',
'electronico': '0.2',
'elegante': '1',
'elegido': '0.6',
'elegir': '0.8',
'elemento': '0.2',
'elevar': '0.8',
'eliminar': '0',
'emision': '0.2',
'emitir': '0.4',
'emocion': '0.8333',
'empapar': '-0.2',
'emperador': '0',
'empezar': '0.4',
'empleado': '-0.6',
'emplear': '0.4',
'empleo': '0.8',
'emprender': '1',
'empresa': '0',
'empresario': '0.1667',
'empujar': '-0.4',
'enamorado': '1',
'enamorar': '1',
'encabezar': '0.4',
'encantar': '0.8',
'encanto': '0.6',
'encargado': '0.4',
'encargar': '0.1',
'encender': '0.6',
'encerrar': '-0.6',
'encima': '0.4',
'encontrar': '0.6',
'encuentro': '1',
'endemico': '-0.8',
'enemigo': '-0.8',
'energia': '0.8',
'enfermedad': '-0.8',
'enfermero': '-0.2',
'enfermo': '-1',
'enfrentamiento': '-0.6',
'enfrentar': '-0.4',
'enganar': '-1',
'enloquecer': '-1',
'enojar': '-0.6',
'enorme': '0.2',
'ensayo': '0.6',
'ensenanza': '0.8',
'ensenar': '1',
'entender': '1',
'enterar': '0.2',
'enterate': '-0.2',
'entero': '0.2',
'enterrar': '-0.6',
'entidad': '0',
'entonces': '0.0',
'entorno': '0.2',
'entrada': '0.4',
'entrana': '-1',
'entrar': '0.2',
'entregar': '0.4',
'entrenador': '0.2',
'entrenamiento': '0.2',
'entrevista': '0.0',
'enviado': '0.0',
'enviando': '0.0',
'enviar': '0',
'envolver': '0',
'episodio': '0.2',
'epoca': '0',
'equilibrio': '0.6',
'equipo': '0.8',
'equivocar': '-0.4',
'era': '0.4',
'erar': '-0.2857',
'erigir': '0.4',
'error': '-0.8',
'escala': '0.4',
'escalera': '0.2',
'escalofrio': '-0.4',
'escapar': '-0.2',
'escaso': '-0.4',
'escena': '0.2',
'escenario': '0.4',
'esclavo': '-0.8',
'escoger': '0.6',
'esconder': '-0.4',
'escribir': '0.2',
'escritor': '1',
'escritorio': '0.2',
'escritura': '0.6',
'escuchar': '0.4',
'escudo': '-0.2',
'escuela': '0.8',
'escultura': '0.8333',
'escupir': '-0.6',
'esencia': '1',
'esencial': '0.2',
'esfera': '0.2',
'esfuerzo': '0.6',
'esfumar': '0.2',
'espacial': '0.6',
'espacio': '0.4',
'espada': '0.4',
'espalda': '0.2',
'espanol': '0.3333',
'especial': '0.6',
'especializar': '0.2',
'especialmente': '0.2',
'especie': '0.2',
'especifico': '0.3333',
'espectaculo': '0.4',
'espectador': '0.2',
'espejo': '0.6',
'espera': '0',
'esperando': '-0.5',
'esperanza': '0.8',
'esperar': '-0.8',
'espina': '-0.6',
'espiritu': '0.6',
'espiritual': '0.4',
'esposo': '-0.2',
'esquina': '0.0833',
'establecer': '0.1667',
'establecimiento': '0',
'estacion': '0.3333',
'estadio': '0.3333',
'estado': '-0.2',
'estallar': '-0.6',
'estan': '0',
'estar': '0.8',
'estatal': '-0.2',
'estatua': '0.2',
'estilo': '0.4',
'estimar': '0.4',
'estomago': '0',
'estrategia': '0.6',
'estrecho': '0',
'estrella': '1',
'estrellar': '-0.2',
'estremecer': '-0.2',
'estrenar': '0.4',
'estructura': '0',
'estudiante': '0.8',
'estudiar': '0.2',
'estudio': '0.5',
'estupor': '-0.7',
'etapa': '0.2',
'eternidad': '0.4',
'eterno': '0.8',
'etimologia': '0.2',
'etnico': '0.6',
'euro': '0.2',
'evento': '0',
'evidente': '0',
'evitar': '-0.2',
'evolucion': '0.8',
'exactamente': '0.4',
'exacto': '0.8333',
'examen': '-0.4',
'excelente': '1',
'excepcion': '0.2',
'exclamar': '0',
'exclusivamente': '0.2',
'exigir': '-0.4',
'existencia': '0.6',
'existente': '0.2',
'existir': '0.6',
'exito': '0.8',
'exitoso': '1',
'expansion': '0',
'expedicion': '0.8',
'experiencia': '0.8',
'experimentar': '0.6667',
'experimento': '0.2',
'explicacion': '-0.2',
'explicar': '0.6',
'explosion': '-0.4',
'explotacion': '-0.6',
'explotar': '-0.5',
'exponer': '0.4',
'exposicion': '0.3333',
'expresar': '0.8',
'expresion': '0.2',
'expulsar': '-0.6',
'extendemos': '0.0',
'extender': '0',
'extension': '0.4',
'extenso': '0',
'exterior': '0.4',
'externo': '0',
'extraer': '0',
'extranar': '-0.6',
'extranjero': '0.4',
'extrano': '0.2',
'extraordinario': '0.8',
'extremo': '-0.4',
'fabrica': '0',
'fabricar': '0.8',
'facebook': '0.0',
'fachada': '-0.2',
'facil': '0',
'facilidad': '1',
'facilitar': '0.4',
'facilmente': '1',
'factor': '0',
'facultad': '0.3333',
'falda': '-0.2',
'fallar': '-1',
'fallecer': '-0.8',
'falso': '-0.6',
'falta': '-0.2',
'faltar': '-0.4',
'fama': '0.4',
'familia': '0.8',
'familiar': '0.8',
'famoso': '0',
'fantasia': '1',
'fantasma': '-0.2',
'fase': '0',
'favor': '0.6',
'fecha': '0.4',
'federacion': '0',
'federal': '0.4',
'felicidad': '1',
'felicitaciones': '1.0',
'feliz': '1',
'femenino': '1',
'feminicidio': '-1.0',
'fenomeno': '1',
'feo': '-0.8',
'feria': '0.6',
'ferrocarril': '0.6667',
'festival': '0.8',
'ficcion': '0.6',
'fiel': '0.8',
'fiesta': '0.4',
'figura': '0',
'figurar': '0',
'fijamente': '0.2',
'fijar': '0.4',
'fijo': '0',
'fila': '-0.2',
'film': '0.8',
'filosofia': '0.6',
'fin': '0',
'final': '0.2857',
'finalizar': '0.8',
'fino': '0.2',
'firma': '0.4',
'firmar': '0.2',
'firme': '0.8',
'fiscalia': '-1.0',
'fisico': '0.4',
'flor': '1',
'flotar': '0.6',
'fluir': '0.4',
'flujo': '0.2',
'fondo': '0',
'forestal': '0.8',
'forma': '0.2',
'formacion': '0.8',
'formar': '0.4',
'formato': '0',
'formula': '0',
'formular': '0',
'forzar': '-0.6',
'foto': '0.5714',
'fotografia': '0.6',
'fracaso': '-1',
'fragil': '0.2',
'fragmento': '0.4',
'frase': '0.2',
'frecuencia': '0',
'frecuente': '0.6',
'frecuentemente': '0.2',
'freir': '-0.2',
'frente': '0',
'fresco': '0.8',
'frio': '-0.6',
'frontera': '0',
'fruto': '0.8',
'fuego': '0.8',
'fuente': '0.2',
'fuerte': '0.8',
'fuertemente': '0.2',
'fuerza': '0.4',
'fugaz': '0.6',
'fumar': '-0.6',
'funcion': '0',
'funciona': '0.6',
'funcionaba': '-0.7',
'funcionamiento': '0.8',
'funcionando': '0.7',
'funcionar': '0.625',
'funcionario': '-0.2',
'fundacion': '0.5',
'fundador': '0',
'fundamental': '0.6',
'fundar': '0',
'fundir': '-0.2',
'furia': '-0.8',
'fusion': '0.4',
'fusionar': '0.6',
'futbol': '-0.2',
'futbolista': '0.4',
'futuro': '0.8',
'galeria': '0',
'gana': '0.4',
'ganaderia': '0.2',
'ganador': '0.8',
'ganar': '0.6',
'garganta': '0.2',
'gastar': '-0.4',
'gato': '0.7273',
'gemir': '0',
'generacion': '0.1429',
'general': '0.2',
'generalmente': '0',
'generar': '0.8',
'genero': '0',
'gente': '0.4',
'geografia': '0.2',
'geografico': '0.1818',
'gestion': '-0.2',
'gesto': '0.5',
'gigante': '0',
'gira': '0.2',
'girar': '0.6',
'giro': '0',
'global': '0',
'gloria': '0.8',
'gobernacion': '0',
'gobernador': '-0.2',
'gobernar': '0.4',
'gobierno': '0',
'gol': '0.8',
'golpe': '-0.8',
'golpear': '-0.6',
'gonzalez': '0',
'gordo': '-0.2',
'gota': '0.6',
'gozar': '1',
'grabacion': '0.2',
'grabado': '0.6',
'grabar': '0.2',
'gracia': '0.8',
'grado': '0',
'graduar': '0',
'gran': '0.4',
'grande': '0.2',
'gratis': '1.0',
'grave': '-0.4',
'gris': '-0.1429',
'grita': '-0.2',
'gritar': '-0.4',
'grito': '-0.6',
'grueso': '-0.1667',
'grupo': '0.6',
'guardar': '0',
'guardia': '0.2',
'guerra': '-1',
'guerrero': '-0.4',
'guia': '0.8',
'guiar': '0.4',
'guitarra': '1',
'guitarrista': '0.8',
'gustar': '0.8333',
'gusto': '0.5714',
'haber': '0',
'habia': '0.4',
'habilidad': '0.8',
'habitacion': '0',
'habitante': '0.5',
'habitar': '0.4',
'habitat': '0.2',
'habitual': '-0.2',
'hablar': '0.2',
'hace': '0.0',
'hacen': '0.0',
'hacer': '0.4',
'hada': '0.8',
'hallar': '0.8',
'hambre': '-1',
'hasta': '-0.1667',
'haz': '0.375',
'hecho': '0.1667',
'helar': '0.2',
'hembra': '0.4',
'herida': '-1',
'herido': '-0.8',
'herir': '-0.8571',
'hermanar': '1',
'hermano': '0.6',
'hermoso': '1',
'heroe': '0.8',
'herramienta': '0.4',
'hicieron': '0.0',
'hielo': '-0.4',
'hierba': '1',
'hierro': '-0.4',
'hijo': '0.6',
'hilo': '0',
'historia': '0.4',
'historiador': '-0.2',
'historico': '-0.2',
'hogar': '1',
'hoja': '0.4',
'hola': '0.0',
'hombre': '0.4',
'hombro': '0.3',
'homenaje': '1',
'honda': '0.0',
'hondo': '0.2',
'honor': '0.6',
'hora': '0',
'horas': '-0.2',
'horizonte': '1',
'horrible': '-1',
'horror': '-0.4',
'hospital': '-0.2',
'hotel': '0.8333',
'hotelero': '0.0',
'hueco': '-0.2',
'huella': '0',
'hueso': '-0.4',
'huevo': '0.2',
'huir': '-0.8',
'humanidad': '0.8',
'humano': '0.8',
'humedad': '-0.4',
'humedo': '-0.1667',
'humilde': '1',
'humo': '-0.2',
'humor': '0.8333',
'hundir': '-0.6667',
'idea': '0.8',
'identidad': '0',
'identificar': '0',
'idioma': '0.6',
'iglesia': '-0.6',
'ignorar': '-0.4',
'igual': '0.2857',
'iluminar': '0.7143',
'ilusion': '0.6',
'imagen': '0.4',
'imaginacion': '1',
'imaginar': '0.6',
'impacto': '-0.2',
'impedir': '-0.8',
'imperio': '0.4',
'implicar': '0',
'imponer': '-0.6',
'importancia': '0.4',
'importante': '0.3333',
'importar': '0.4',
'imposible': '-0.4',
'impregnar': '0.6',
'impresion': '0',
'impulsar': '0.4',
'impulso': '0.4',
'imputa': '-0.5',
'inaugurar': '0.5',
'incapaz': '-0.8',
'incendio': '-0.8333',
'incluir': '0.2',
'incorporar': '0.8',
'increible': '0.6',
'incrementar': '0',
'independiente': '0.8',
'indicar': '0',
'indice': '0.2',
'indigena': '0.2',
'indio': '0',
'individual': '0',
'individuo': '0',
'industria': '-0.2',
'inevitable': '0.2',
'infancia': '1',
'infante': '0.6',
'infanteria': '0',
'infantil': '0.4',
'inferior': '-0.4',
'infierno': '-0.8',
'infinito': '0.4',
'influencia': '0.4',
'influenciar': '-0.2',
'influir': '0.4',
'influyente': '-0.2',
'informacion': '0.2',
'informar': '0.6',
'informe': '-0.2',
'infraestructura': '0.4',
'ingenieria': '0',
'ingeniero': '0.2',
'ingresa': '0.0',
'ingresar': '0.4',
'ingreso': '0.2',
'inicial': '0',
'iniciar': '0.6',
'iniciativa': '0.8',
'inicio': '0.4',
'inmediatamente': '-0.2',
'inmediato': '0',
'inmensidad': '0.6',
'inmenso': '0.6',
'inmovil': '0',
'inocencia': '0.6',
'inocente': '0.6',
'insecto': '-0.8',
'insistir': '-0.8',
'inspiracion': '1',
'inspirar': '1',
'instalacion': '0',
'instalar': '0.2',
'instante': '0.4',
'instinto': '0.6',
'institucion': '0.2',
'instituto': '0.4',
'instruccion': '0.4',
'instrumento': '0.4',
'integrar': '0.4',
'intelectual': '0.6',
'inteligencia': '0.8',
'inteligente': '1',
'intencion': '0',
'intensidad': '0',
'intenso': '0.4',
'intentado': '0.0',
'intentar': '0.8',
'intento': '0.4',
'interes': '0.4',
'interesante': '1',
'interesar': '0.6',
'interior': '0.2',
'interminable': '0',
'internacional': '0.4',
'internet': '0.4',
'interno': '0.1667',
'interpretacion': '0.2',
'interpretar': '0.6',
'interrumpir': '-0.6',
'intervencion': '0',
'intervenir': '0.8',
'introduccion': '0',
'introducir': '0.25',
'inundar': '-0.2',
'inutil': '-0.8',
'invadir': '-0.8',
'invasion': '-0.2',
'inventar': '1',
'inversion': '0.2',
'investigacion': '0.2',
'investigador': '0.4',
'investigar': '0.8',
'invierno': '0.4',
'invisible': '0',
'invitado': '0.4',
'invitar': '0.8',
'ira': '-0.8',
'isla': '0.8',
'isleno': '0.6',
'izquierda': '0.4',
'izquierdo': '0.2',
'jamar': '0',
'jamas': '-0.2',
'jardin': '1',
'jazz': '0.4',
'jefe': '-0.4',
'jorge': '0.0',
'jornada': '0',
'joven': '0.0',
'judicial': '-0.8',
'juego': '1',
'juez': '-0.2',
'jugador': '0.8',
'jugar': '1',
'juicio': '-0.2',
'juntar': '0.4',
'junto': '0.4',
'jurar': '-0.2',
'juridico': '-0.2',
'justicia': '0.3',
'justo': '0.6',
'juvenil': '0.6',
'juventud': '0.6',
'juzgar': '0',
'kilometro': '0',
'labio': '0.4',
'labor': '0.2',
'laboratorio': '-0.2',
'lado': '0',
'lago': '1',
'lagrima': '-0.1667',
'lagrimar': '-0.4',
'lamento': '-1',
'lanzamiento': '0.2',
'lanzar': '0.3333',
'largar': '-0.2',
'largo': '0',
'lastima': '-0.4',
'lastimar': '-1',
'lateral': '0',
'latin': '0.2',
'latino': '0.4',
'latir': '0.8333',
'lavar': '0.8',
'league': '0.2',
'leche': '0.2',
'lecho': '0.2',
'lector': '1',
'lectura': '0.8',
'leer': '0.8',
'legislativo': '-0.4',
'legislatura': '-0.1667',
'lejano': '-0.4',
'lengua': '0.2',
'lenguaje': '0.4',
'lentamente': '0',
'lento': '0.2',
'letra': '0',
'levantar': '-0.2',
'ley': '0',
'leyenda': '0.6',
'liberacion': '1',
'liberar': '0.8',
'libertad': '1',
'librar': '0.8',
'libre': '0.8',
'libro': '0.6',
'licenciar': '0.4',
'lider': '0.3',
'liderar': '0.4',
'liga': '0',
'ligar': '0',
'ligeramente': '0.2',
'ligero': '0.8',
'limitar': '-0.4',
'limite': '0.1429',
'limpiar': '0.4',
'limpio': '1',
'lindo': '0.8',
'linea': '0.2',
'lineo': '0.2',
'liquido': '0.4',
'lista': '0',
'listar': '0',
'listo': '0.8',
'literario': '0.8',
'literatura': '1',
'llama': '0.4',
'llamada': '0',
'llamar': '0.2',
'llanto': '-0.6',
'llanura': '0.6',
'llave': '0.1667',
'llegada': '0.6',
'llegar': '0.4',
'llegue': '0.0',
'llenar': '0.4',
'lleno': '0.2',
'llevar': '0',
'llorar': '-0.8333',
'lloro': '-1',
'llover': '0.4',
'lluvia': '0.6',
'lobo': '0',
'local': '0.1667',
'localidad': '0',
'localizacion': '0',
'localizar': '0.4',
'loco': '0',
'locura': '-0.1429',
'logica': '0.4',
'lograr': '1',
'logro': '1',
'longitud': '0',
'lucha': '-0.4',
'luchar': '0.1667',
'lucir': '0.8',
'lugar': '0',
'luminoso': '0.8',
'luna': '0.8333',
'luz': '0.6',
'macho': '0',
'madera': '0.6',
'madre': '1',
'madrugada': '0.6',
'maestro': '0.4',
'magia': '1',
'magico': '0.6',
'maldito': '-1',
'malo': '-1',
'mama': '0.9',
'manana': '0.8',
'mancha': '-0.6',
'mandar': '0',
'mandato': '0',
'mando': '0.2',
'manejar': '0.5',
'manera': '0',
'manga': '0',
'manifestacion': '0.2',
'manifestar': '0',
'mano': '0.2',
'manos': '0.0',
'mantener': '-0.2',
'manto': '0.6',
'manzana': '1',
'mapa': '0',
'maquina': '0',
'mar': '0.8',
'mara': '-1.0',
'maravilloso': '0.8',
'marca': '0',
'marcar': '0',
'marcha': '-0.1667',
'marchar': '-0.2',
'marchito': '-0.3333',
'marco': '0.1667',
'margen': '0',
'maria': '-0.2',
'mariano': '0.2',
'marido': '0.2',
'mario': '0.6',
'mariposa': '0.6',
'maritimo': '0.4',
'marques': '0.4',
'mas': '0.8',
'masa': '0.1667',
'masculino': '0.2',
'masivo': '-0.2',
'matado': '-1.0',
'matar': '-1',
'matematico': '0.2',
'materia': '0',
'material': '0',
'matrimonio': '0.8',
'maximo': '0.3333',
'mayor': '0.3333',
'mayoria': '-0.2',
'mecanismo': '0.4',
'medalla': '1',
'mediar': '0.6667',
'medicina': '0.4',
'medico': '0.6',
'medida': '0',
'medieval': '0.2',
'medio': '-0.2',
'medir': '0',
'mediterraneo': '0.8',
'mejilla': '0.6',
'mejor': '0.6667',
'mejorar': '0.8',
'melancolia': '-1',
'melodia': '1',
'memoria': '0.2',
'mencionar': '0.4',
'menor': '0',
'menos': '0.5',
'mensaje': '0.3333',
'mental': '0.6',
'mente': '0.6',
'mentir': '-0.8',
'mentira': '-0.1667',
'mercado': '0.2',
'merecer': '0.4',
'mes': '0.2',
'mesa': '0',
'metal': '0.4',
'metalico': '-0.2',
'meter': '0.4',
'metodo': '0.2857',
'metro': '0.1667',
'mexico': '0.0',
'mezcla': '0.2',
'mezclar': '0.2',
'miar': '0.2',
'microsoft': '0',
'miedo': '-1',
'miel': '0.6',
'miembro': '0.2',
'mierda': '-1.0',
'mil': '0',
'milagro': '0.8',
'militar': '-0.2',
'millon': '0',
'mina': '0.2',
'minimo': '0',
'ministerio': '-0.2',
'ministro': '-0.2',
'minuto': '-0.2',
'minutos': '0.0',
'mio': '0.4',
'mirada': '0.4',
'mirar': '0.4',
'misa': '-0.4',
'miseria': '-0.8',
'mision': '0.2',
'mismo': '0.2',
'misterio': '0',
'misterioso': '0',
'mitad': '0.0',
'mixto': '0.4',
'moda': '0.2',
'modelo': '0.2',
'moderno': '0.4',
'modificar': '0.4',
'modo': '0',
'mojar': '0.2',
'molestar': '-1',
'momento': '0.2',
'monasterio': '0.2',
'moneda': '0',
'monje': '0.2',
'monstruo': '-0.5714',
'montana': '0.6',
'montanoso': '0.6',
'montar': '0.8',
'monte': '0.2',
'monton': '0.4',
'monumento': '0.4',
'moral': '1',
'morder': '0',
'morfologia': '0',
'morir': '-0.6',
'mortal': '-0.6',
'mostrar': '0.6',
'motivo': '0.2',
'motor': '0.2',
'mover': '0.2',
'movimiento': '0.6',
'muchacho': '0',
'mudar': '0',
'mudo': '-0.6',
'mueca': '0.2',
'muerte': '-0.8',
'muerto': '-0.6',
'muestra': '0',
'mujer': '0.6',
'multiple': '0.2',
'multitud': '-0.8',
'mundial': '0.3333',
'mundo': '0.0',
'muneca': '1',
'municipal': '0',
'municipio': '0',
'muralla': '0.4',
'murmullo': '-0.4',
'murmurar': '-0.6',
'muro': '-0.2',
'musculo': '0.2',
'museo': '0.8',
'music': '0.6',
'musica': '1',
'musical': '1',
'musico': '1',
'nacer': '0.8',
'nacimiento': '0.8',
'nacion': '0.8',
'nacional': '0.4',
'nacionalista': '-0.2',
'nada': '0',
'nadar': '0.8',
'naranja': '0.8',
'nariz': '0',
'narrar': '0.6',
'national': '0.2',
'natural': '0.8',
'naturaleza': '1',
'naval': '0',
'nave': '0.4',
'navegar': '1',
'navidad': '1',
'nba': '0',
'necesario': '0',
'necesidad': '0',
'necesitamos': '-0.2',
'necesitar': '0.4',
'negar': '-0.8',
'negocio': '0.0',
'negro': '0.4',
'nervio': '-0.4',
'nervioso': '-1',
'nido': '0.8333',
'niebla': '-0.2',
'nieto': '0.8',
'nieve': '0.6',
'ninguna': '0.0',
'nino': '0.8',
'niunamas': '-1.0',
'nivel': '0.2',
'noble': '1',
'noche': '0.6',
'nocturno': '0.6',
'nombrar': '0',
'nombre': '0.1667',
'nominar': '0.2',
'noreste': '0',
'norma': '0.1667',
'normal': '-0.2',
'normalmente': '0.2',
'noroeste': '0',
'norte': '0.2',
'nostalgia': '0',
'nota': '0.6',
'notable': '0.4',
'notar': '0',
'noticia': '0',
'novela': '1',
'novio': '0.8',
'nube': '0.6',
'nuclear': '-0.4',
'nucleo': '0.4',
'nuevamente': '0',
'nuevo': '1.0',
'numero': '0.1667',
'numeroso': '0',
'obispo': '-0.2',
'objetivo': '0.6',
'objeto': '0.2',
'obligacion': '-0.4',
'obligar': '-1',
'obra': '0.2',
'observacion': '0.8',
'observar': '0.3333',
'obtener': '0.4',
'ocasion': '0.0',
'oceano': '1',
'ocultar': '-0.2',
'oculto': '0',
'ocupacion': '0.8',
'ocupar': '-0.2',
'ocurrir': '0.4',
'odiar': '-1',
'odio': '-1',
'oeste': '0',
'oficial': '0',
'oficialmente': '0',
'oficina': '0.2',
'oficio': '0.6',
'ofrecer': '0.75',
'oido': '0.2',
'oir': '0.6',
'ojo': '0.2',
'ola': '0.6',
'oler': '0.4',
'olimpico': '1',
'olor': '0',
'olvidar': '0',
'olvido': '-1',
'onda': '1',
'opcion': '0.4',
'opera': '1',
'operacion': '-0.2',
'operar': '0',
'opinion': '0.4',
'oponer': '0',
'oportunidad': '1',
'oposicion': '-0.4',
'oracion': '0.6',
'orar': '-0.2',
'orden': '0.1667',
'ordenar': '0',
'oreja': '0.2',
'organismo': '0',
'organizacion': '0',
'organizar': '0.2',
'organo': '0',
'orgullo': '0.2',
'oriente': '0.2',
'origen': '0.2',
'original': '0.8',
'originalmente': '0.2',
'originario': '0.2',
'orilla': '0.3333',
'orlando': '0.0',
'oro': '0.4',
'orquesta': '1',
'oscuridad': '-0.4',
'oscuro': '0',
'otono': '0.6',
'otorgar': '0.6',
'paciencia': '0.8',
'paciente': '0.4',
'pacifico': '1',
'padre': '1',
'pagar': '-0.6',
'pagina': '0.2',
'pago': '0.2',
'pagos': '-0.4',
'pais': '0.2',
'paisaje': '0.8571',
'pajaro': '1',
'palabra': '0',
'palacio': '0.8',
'palido': '0',
'palma': '0.2',
'paloma': '0.6',
'palpitar': '0.4',
'pan': '1',
'pantalla': '0',
'pantalon': '0.2',
'papa': '1',
'papel': '0.4',
'paquete': '0.2',
'par': '0.6',
'parado': '-0.4',
'paraiso': '1',
'paralelo': '0',
'parar': '0',
'parecer': '0.4',
'pared': '-0.4',
'pareja': '0.8',
'parir': '0.2',
'parlamento': '0.6',
'parque': '0.8',
'parroquia': '0.4',
'parte': '0',
'participacion': '0.6667',
'participar': '0.8',
'particula': '0.4',
'particular': '0',
'particularmente': '0.2',
'partida': '0',
'partido': '0.2',
'partir': '0',
'pasa': '0.0',
'pasado': '0.4',
'pasaje': '0.6',
'pasajero': '0.2',
'pasar': '0',
'pasear': '1',
'paseo': '1',
'pasillo': '0',
'pasion': '0.6',
'paso': '0',
'pastor': '0.6',
'patio': '0.4',
'pato': '0.6',
'patrimonio': '-0.2',
'patron': '-0.2',
'paular': '0',
'paz': '1',
'pecado': '-0.8',
'pecho': '0.1667',
'pedazo': '0',
'pedir': '-0.5',
'pegar': '-0.4',
'pelea': '-0.8333',
'pelear': '-0.6',
'pelicula': '0',
'peligro': '-1',
'peligroso': '-0.4',
'pelo': '0',
'pelota': '-0.2',
'pena': '0.4',
'penar': '-0.8',
'penetrar': '0.2',
'peninsula': '0.2',
'pensamiento': '0.6',
'pensar': '0.8',
'penumbra': '-0.2',
'peor': '-0.6',
'pequeno': '0.8',
'percatar': '0.2',
'percibir': '1',
'perciforme': '0.4',
'perder': '-1',
'perdida': '-0.8',
'perdon': '0.8',
'perdonar': '0.6',
'perfectamente': '0.6',
'perfecto': '0.8',
'perfume': '1',
'periodico': '0.2',
'periodista': '0',
'periodo': '0',
'permanecer': '0.6',
'permanente': '0',
'permiso': '0',
'permitir': '0.8',
'perro': '0.2',
'perseguir': '-0.4',
'persona': '0.4',
'personaje': '0.8',
'personal': '0.4',
'personalidad': '0.2',
'perspectiva': '0.6',
'pertenecer': '0.4',
'perteneciente': '0.2',
'pesadilla': '-0.8',
'pesar': '-0.6',
'peso': '-0.2',
'petalo': '1',
'peticion': '0',
'pez': '0.6',
'piano': '0.8',
'picar': '-0.2',
'pico': '0.4',
'pie': '0',
'piedad': '0.2',
'piedra': '0',
'piel': '0.6',
'pierna': '0.4',
'pieza': '0.4',
'piloto': '0.2',
'pintar': '0.8',
'pintor': '0.6',
'pintura': '0.6',
'pionero': '0.8',
'pisar': '-0.2',
'piso': '0',
'pista': '0.4',
'pistola': '-1',
'placa': '0.2',
'placer': '1',
'plan': '0.3333',
'planear': '1',
'planeta': '1',
'plano': '0.2',
'planta': '1',
'plantar': '0.6',
'plantear': '0',
'plata': '0.8',
'plataforma': '-0.2',
'platicar': '0.4',
'plato': '0.4',
'playa': '0.8',
'plaza': '0.5',
'plazo': '-0.4',
'pleno': '0.7143',
'pluma': '1',
'poblacion': '-0.2',
'poblacional': '0',
'poblado': '0',
'poblar': '0.2',
'pobre': '-0.8',
'pobreza': '-0.8',
'poder': '-0.3',
'poderoso': '0.4',
'poema': '0.8',
'poesia': '0.8',
'poeta': '0.8',
'policia': '-0.2',
'politica': '-0.2',
'politico': '-0.8',
'polvo': '0',
'ponen': '0.0',
'poner': '0.4',
'pop': '0.6',
'popular': '0',
'popularidad': '0.3333',
'porque': '0',
'portada': '0.0',
'portar': '0',
'posar': '0.4',
'poseer': '0.6',
'posesion': '0',
'posibilidad': '0.4',
'posible': '0.8',
'posiblemente': '0.2',
'posicion': '0.2',
'positivo': '1',
'posterior': '0',
'postura': '0',
'potencia': '0.6',
'pozo': '-0.4',
'practica': '0.6',
'practicamente': '0.4',
'practicar': '0.4',
'practico': '0',
'prado': '0.8',
'precio': '-0.2',
'precioso': '1',
'precisamente': '0.2',
'preciso': '0.2',
'preferir': '0.6',
'pregunta': '0.2',
'preguntar': '0.2',
'preguntas': '0.0',
'premio': '0.8',
'prender': '0',
'prensa': '0.2',
'preocupa': '-1',
'preocupacion': '-1',
'preocupar': '-1',
'preparar': '0.4',
'presa': '-0.6',
'presencia': '0.2',
'presentacion': '0.4',
'presentar': '0.4',
'presente': '0.3333',
'presidencia': '0',
'presidencial': '0',
'presidente': '-0.2',
'presidir': '0.2',
'presion': '-0.4',
'prestar': '0.4',
'pretender': '0',
'prever': '0.6',
'previo': '0',
'primario': '0.4',
'primavera': '0.8',
'primero': '0.8',
'primitivo': '-0.2',
'primo': '0.2',
'princesa': '0',
'principal': '0.4',
'principalmente': '0',
'principe': '0.6',
'principio': '0.4',
'prisa': '-0.4',
'prision': '-0.8',
'prisionero': '-0.8',
'privar': '-0.8333',
'probable': '0.2',
'probablemente': '0.2',
'probar': '0.8',
'problema': '-0.8',
'problemas': '-1.0',
'procedente': '-0.2',
'proceder': '0',
'procedimiento': '0',
'procesado': '-1.0',
'proceso': '0',
'proclamar': '0.4',
'produccion': '0.5',
'producir': '0.4',
'producto': '0',
'productor': '0.8',
'profesion': '0.2',
'profesional': '0.3333',
'profesor': '0.2',
'profundar': '0',
'profundidad': '0.3333',
'profundo': '0.4',
'programa': '0',
'programacion': '0.6',
'programar': '0.8',
'prohibir': '-0.8',
'prolongar': '-0.2',
'promedio': '0.2',
'promesa': '0.8',
'prometer': '0',
'promocion': '0.8',
'promociones': '0.5',
'promover': '0.6',
'pronunciar': '0',
'propiedad': '0.6',
'propio': '0.4',
'proponer': '0.6',
'proporcionar': '0.4',
'proposito': '0.8',
'propuesta': '0.6',
'protagonista': '0.8',
'protagonizar': '0.4',
'proteccion': '0.4',
'proteger': '0.8',
'proteina': '0.2',
'proveniente': '0.2',
'provenir': '0',
'provincia': '0.6',
'provincial': '0.2',
'provocar': '-0.2',
'proximo': '0.2',
'proyectar': '0.8',
'proyecto': '0.5',
'prueba': '-0.2',
'pruebas': '0.0',
'publicacion': '0.6',
'publicar': '0.1667',
'publico': '0.2',
'puebla': '0.0',
'pueblo': '0.6',
'puede': '0.3',
'puente': '0.6',
'puerta': '0',
'puerto': '0.4',
'puesto': '0',
'pulmon': '0',
'punta': '0',
'punto': '0',
'puro': '1',
'puta': '-1.0',
'quebrar': '0',
'quedar': '0',
'quemar': '0.2',
'querer': '1',
'querido': '1',
'queso': '0.8',
'quieto': '0',
'quimico': '0',
'quinto': '0',
'quitar': '-0.5714',
'quiza': '0.2',
'quizas': '0',
'rabia': '-1',
'radio': '0.6',
'raiz': '0.2222',
'rama': '0.2',
'ramal': '0',
'rango': '0',
'rapidamente': '0.2',
'rapido': '0',
'raro': '0.4',
'rasgo': '0.2',
'rastro': '0',
'rato': '0.2',
'rayo': '0.2',
'raza': '-0.2',
'razon': '1.0',
'reaccion': '0.2',
'reaccionar': '-0.4',
'real': '0.5',
'realidad': '0.3333',
'realista': '0.6',
'realizacion': '0.8',
'realizar': '0.6',
'realmente': '0',
'rebelion': '-0.4',
'rechazar': '-0.6',
'recibe': '0.3',
'recibir': '0.6667',
'recien': '0.25',
'reciente': '0',
'recientemente': '0.2',
'recinto': '0.4',
'reclamar': '-0.8',
'recoger': '0.2',
'reconocer': '0.4',
'reconocimiento': '0.8',
'recordar': '0.3333',
'recorrer': '0.2',
'recorrido': '0.2',
'recostar': '0.4',
'recuerdo': '0.2',
'recuperar': '0.4',
'recurso': '0.3333',
'red': '0',
'reducir': '-0.4',
'reemplazar': '0.2',
'referencia': '0.2',
'referenciar': '0',
'referir': '0',
'reflejar': '0.2857',
'reflejo': '0.4',
'reforma': '0.2',
'regalar': '1',
'regalo': '1.0',
'regimen': '-0.6',
'regimiento': '0.2',
'region': '0',
'regional': '0.2',
'registrar': '0',
'registrate': '0.2',
'registro': '0',
'regla': '0.2',
'regresar': '0.4',
'regreso': '0.6',
'regular': '-0.4',
'reina': '0.6',
'reinar': '0',
'reino': '0.4',
'reir': '1',
'relacion': '1',
'relacionar': '0.6',
'relativamente': '0.2',
'relativo': '0.2',
'relato': '0.6',
'religion': '-0.4',
'religioso': '-0.2',
'reloj': '-0.2',
'remedio': '0',
'rendir': '0',
'renta': '-0.2',
'renunciar': '0',
'reojo': '-0.2',
'repartir': '0.4',
'repente': '0',
'repetir': '-0.2',
'representacion': '0.4',
'representante': '0.2',
'representar': '0.4',
'representativo': '0',
'republica': '0.3333',
'republicano': '0.2',
'requerir': '0',
'resarcir': '1.0',
'rescatar': '0.6',
'reserva': '0.2',
'residencia': '0.6',
'residir': '0',
'resignar': '-0.4',
'resistir': '0.2',
'resolucion': '0.3333',
'resolver': '0.4',
'resolveran': '1.0',
'respectar': '0',
'respectivamente': '0.1667',
'respectivo': '0.2',
'respecto': '0',
'respetar': '1',
'respeto': '1',
'respiracion': '0.6',
'respirar': '0.6',
'responder': '0.4286',
'responsabilidad': '0.2',
'responsable': '0.8',
'respuesta': '1.0',
'respuestas': '0.0',
'restauracion': '0.6',
'restaurante': '0.8333',
'resto': '0.1667',
'resultado': '0.2',
'resultados': '1.0',
'resultar': '0',
'retablo': '0',
'retirar': '0',
'retrato': '0',
'reunion': '0.6',
'reunir': '0.6',
'revelar': '0.3333',
'revisar': '-0.2',
'revista': '0.2',
'revolucion': '0.8',
'revolucionario': '0.8',
'rey': '-0.1667',
'rico': '0.6',
'riesgo': '-1.0',
'rincon': '0.2',
'rio': '0.6',
'riqueza': '0.8',
'risa': '1',
'ritmo': '0.8',
'rival': '-1',
'robar': '-1',
'roca': '0.2',
'rocio': '0.6',
'rodar': '0.2',
'rodear': '0.4',
'rodilla': '0.2',
'rojo': '0.2',
'rol': '0.4',
'romper': '0',
'ropa': '0.4',
'rosa': '0.6',
'rostro': '0.2',
'rozar': '0.6',
'rubio': '0.2',
'rueda': '0.4',
'ruido': '-0.6',
'ruina': '-0.4',
'rumbo': '0.4286',
'rumor': '-0.4',
'rural': '0.6',
'ruta': '0.4',
'rutina': '-0.8',
'sabana': '0.4',
'saber': '1',
'sabiduria': '1',
'sabio': '1',
'sabor': '0.6',
'sacar': '0.2',
'sacerdote': '0.2',
'saco': '0.2',
'sacrificio': '0',
'sagrado': '0.2',
'sal': '0.2',
'sala': '0.2',
'salar': '0',
'saldo': '0.0',
'salida': '0.4',
'salido': '0.0',
'salir': '0.6',
'salon': '0.3333',
'saltar': '0.8',
'salto': '0.4',
'salud': '0.6',
'saludar': '0.6',
'salvaje': '0.4',
'salvar': '1',
'san': '0.6',
'sangrar': '-0.8',
'sangre': '0',
'santo': '0.6',
'satisfacer': '1'